{
 "ours_7000": {
  "SSIM": {
   "00010.png": 0.9482413530349731,
   "00000.png": 0.9345265626907349,
   "00005.png": 0.8983325958251953,
   "00006.png": 0.9045960903167725,
   "00015.png": 0.9216067790985107,
   "00008.png": 0.9298303127288818,
   "00003.png": 0.9345349669456482,
   "00001.png": 0.9284234046936035,
   "00017.png": 0.9389836192131042,
   "00007.png": 0.9233412742614746,
   "00012.png": 0.9172871112823486,
   "00011.png": 0.9419358968734741,
   "00016.png": 0.9309770464897156,
   "00002.png": 0.9298858642578125,
   "00009.png": 0.9474698901176453,
   "00004.png": 0.9074882864952087,
   "00013.png": 0.9169914722442627,
   "00014.png": 0.9126420021057129
  },
  "MS-SSIM": {
   "00010.png": 0.9999985098838806,
   "00000.png": 0.9999979734420776,
   "00005.png": 0.9999949336051941,
   "00006.png": 0.9999955892562866,
   "00015.png": 0.9999985694885254,
   "00008.png": 0.9999938011169434,
   "00003.png": 0.9999984502792358,
   "00001.png": 0.9999967813491821,
   "00017.png": 0.999998927116394,
   "00007.png": 0.999996542930603,
   "00012.png": 0.9999961853027344,
   "00011.png": 0.9999982714653015,
   "00016.png": 0.9999987483024597,
   "00002.png": 0.999996542930603,
   "00009.png": 0.9999986886978149,
   "00004.png": 0.9999934434890747,
   "00013.png": 0.9999955892562866,
   "00014.png": 0.9999969005584717
  },
  "PSNR": {
   "00010.png": 34.12580490112305,
   "00000.png": 35.18093490600586,
   "00005.png": 30.163406372070312,
   "00006.png": 30.524065017700195,
   "00015.png": 34.923526763916016,
   "00008.png": 31.345375061035156,
   "00003.png": 36.43711853027344,
   "00001.png": 32.89228057861328,
   "00017.png": 37.212005615234375,
   "00007.png": 32.53117370605469,
   "00012.png": 32.03609848022461,
   "00011.png": 34.16373825073242,
   "00016.png": 36.632755279541016,
   "00002.png": 33.16643142700195,
   "00009.png": 34.497352600097656,
   "00004.png": 31.817752838134766,
   "00013.png": 31.726295471191406,
   "00014.png": 33.066741943359375
  },
  "LPIPS": {
   "00010.png": 0.15175916254520416,
   "00000.png": 0.17703041434288025,
   "00005.png": 0.21831873059272766,
   "00006.png": 0.2086905688047409,
   "00015.png": 0.2167944312095642,
   "00008.png": 0.16788683831691742,
   "00003.png": 0.2149513065814972,
   "00001.png": 0.19847837090492249,
   "00017.png": 0.20382674038410187,
   "00007.png": 0.19674423336982727,
   "00012.png": 0.19605499505996704,
   "00011.png": 0.16101740300655365,
   "00016.png": 0.21627941727638245,
   "00002.png": 0.20169982314109802,
   "00009.png": 0.1535833477973938,
   "00004.png": 0.2253526896238327,
   "00013.png": 0.20871888101100922,
   "00014.png": 0.2109302580356598
  },
  "DepthMSE": {
   "00015_depth.png": 0.003555638249963522,
   "00010_depth.png": 0.007503650151193142,
   "00004_depth.png": 0.00423899432644248,
   "00006_depth.png": 0.003939276095479727,
   "00000_depth.png": 0.00999976322054863,
   "00017_depth.png": 0.004433102905750275,
   "00003_depth.png": 0.0040474701672792435,
   "00016_depth.png": 0.0038800749462097883,
   "00008_depth.png": 0.006815256085246801,
   "00013_depth.png": 0.003982677590101957,
   "00005_depth.png": 0.0037282216362655163,
   "00002_depth.png": 0.003919999115169048,
   "00007_depth.png": 0.005266217514872551,
   "00014_depth.png": 0.0037294377107173204,
   "00001_depth.png": 0.0064440201967954636,
   "00011_depth.png": 0.006880761589854956,
   "00012_depth.png": 0.005696708336472511,
   "00009_depth.png": 0.007362044882029295
  },
  "NumSamples": 18
 }
}