{
 "ours_7000": {
  "SSIM": 0.92594975233078,
  "SSIM_std": 0.014373685233294964,
  "MS-SSIM": 0.9999969005584717,
  "MS-SSIM_std": 1.734990860313701e-06,
  "PSNR": 33.46904754638672,
  "PSNR_std": 2.0756118297576904,
  "LPIPS": 0.19600652158260345,
  "LPIPS_std": 0.023438405245542526,
  "DepthMSE": 0.005301295313984156,
  "DepthMSE_std": 0.0018213033908978105,
  "NumSamples": 18,
  "TrainTime": 63.9490225315094
 }
}