{
 "ours_7000": {
  "SSIM": {
   "00000.png": 0.9292798042297363,
   "00005.png": 0.9255102276802063,
   "00006.png": 0.9263423085212708,
   "00003.png": 0.9333836436271667,
   "00001.png": 0.9468095898628235,
   "00007.png": 0.9258671402931213,
   "00002.png": 0.9426049590110779,
   "00004.png": 0.9317224621772766
  },
  "MS-SSIM": {
   "00000.png": 0.9999985694885254,
   "00005.png": 0.9999985098838806,
   "00006.png": 0.9999985098838806,
   "00003.png": 0.9999985694885254,
   "00001.png": 0.9999992251396179,
   "00007.png": 0.9999990463256836,
   "00002.png": 0.9999979734420776,
   "00004.png": 0.9999987483024597
  },
  "PSNR": {
   "00000.png": 36.60021209716797,
   "00005.png": 36.63996505737305,
   "00006.png": 37.1672477722168,
   "00003.png": 35.966495513916016,
   "00001.png": 37.3670539855957,
   "00007.png": 37.4927978515625,
   "00002.png": 36.82212829589844,
   "00004.png": 36.77445983886719
  },
  "LPIPS": {
   "00000.png": 0.2028653472661972,
   "00005.png": 0.22699248790740967,
   "00006.png": 0.24581098556518555,
   "00003.png": 0.18324212729930878,
   "00001.png": 0.18801836669445038,
   "00007.png": 0.25655001401901245,
   "00002.png": 0.19293344020843506,
   "00004.png": 0.20461830496788025
  },
  "DepthMSE": {
   "00004_depth.png": 0.004698022734373808,
   "00006_depth.png": 0.00505134416744113,
   "00000_depth.png": 0.0022953469306230545,
   "00003_depth.png": 0.003905244404450059,
   "00005_depth.png": 0.005478916224092245,
   "00002_depth.png": 0.0034405083861202,
   "00007_depth.png": 0.0051194364205002785,
   "00001_depth.png": 0.0026119116228073835
  },
  "NumSamples": 8
 }
}