{
 "ours_7000": {
  "SSIM": 0.9326900243759155,
  "SSIM_std": 0.008009901270270348,
  "MS-SSIM": 0.9999986290931702,
  "MS-SSIM_std": 3.7965600085954065e-07,
  "PSNR": 36.853797912597656,
  "PSNR_std": 0.4891153573989868,
  "LPIPS": 0.21262890100479126,
  "LPIPS_std": 0.02739420160651207,
  "DepthMSE": 0.004075091797858477,
  "DepthMSE_std": 0.0012037098640576005,
  "NumSamples": 8,
  "TrainTime": 68.74559020996094
 }
}