{
 "ours_7000": {
  "SSIM": {
   "00010.png": 0.9768990874290466,
   "00000.png": 0.9681566953659058,
   "00005.png": 0.984592854976654,
   "00006.png": 0.9846439957618713,
   "00015.png": 0.9794097542762756,
   "00008.png": 0.9785081744194031,
   "00003.png": 0.984343945980072,
   "00001.png": 0.9771088361740112,
   "00007.png": 0.9836965799331665,
   "00012.png": 0.9841972589492798,
   "00011.png": 0.982431948184967,
   "00002.png": 0.9811604619026184,
   "00009.png": 0.9820455312728882,
   "00004.png": 0.9861965775489807,
   "00013.png": 0.9868060946464539,
   "00014.png": 0.9863550066947937
  },
  "MS-SSIM": {
   "00010.png": 0.9999999403953552,
   "00000.png": 0.9999995231628418,
   "00005.png": 1.0,
   "00006.png": 1.0,
   "00015.png": 0.9999998807907104,
   "00008.png": 0.9999997615814209,
   "00003.png": 0.9999999403953552,
   "00001.png": 0.9999997019767761,
   "00007.png": 1.0,
   "00012.png": 0.9999999403953552,
   "00011.png": 1.0,
   "00002.png": 0.9999999403953552,
   "00009.png": 1.0,
   "00004.png": 1.0,
   "00013.png": 1.0,
   "00014.png": 1.0
  },
  "PSNR": {
   "00010.png": 41.536949157714844,
   "00000.png": 34.20108413696289,
   "00005.png": 43.28132629394531,
   "00006.png": 43.68737030029297,
   "00015.png": 40.913124084472656,
   "00008.png": 41.453304290771484,
   "00003.png": 43.00681686401367,
   "00001.png": 38.290130615234375,
   "00007.png": 42.69252014160156,
   "00012.png": 42.268672943115234,
   "00011.png": 43.10002136230469,
   "00002.png": 41.942283630371094,
   "00009.png": 42.487266540527344,
   "00004.png": 43.59230422973633,
   "00013.png": 43.68975830078125,
   "00014.png": 44.21268081665039
  },
  "LPIPS": {
   "00010.png": 0.05047694593667984,
   "00000.png": 0.08232951164245605,
   "00005.png": 0.031777866184711456,
   "00006.png": 0.0319698303937912,
   "00015.png": 0.048170000314712524,
   "00008.png": 0.0410950593650341,
   "00003.png": 0.031028850004076958,
   "00001.png": 0.03846102952957153,
   "00007.png": 0.03509478643536568,
   "00012.png": 0.04468657821416855,
   "00011.png": 0.04556901007890701,
   "00002.png": 0.03481249511241913,
   "00009.png": 0.04143960773944855,
   "00004.png": 0.028801701962947845,
   "00013.png": 0.03615826740860939,
   "00014.png": 0.03691106289625168
  },
  "DepthMSE": {
   "00015_depth.png": 0.0007385911885648966,
   "00010_depth.png": 0.001692967489361763,
   "00004_depth.png": 0.0020857639610767365,
   "00006_depth.png": 0.002129423664882779,
   "00000_depth.png": 0.012947175651788712,
   "00003_depth.png": 0.00197608838789165,
   "00008_depth.png": 0.0025788445491343737,
   "00013_depth.png": 0.0017804611707106233,
   "00005_depth.png": 0.0021205043885856867,
   "00002_depth.png": 0.001646597171202302,
   "00007_depth.png": 0.003946835640817881,
   "00014_depth.png": 0.0017507561715319753,
   "00001_depth.png": 0.0016907050739973783,
   "00011_depth.png": 0.0014616301050409675,
   "00012_depth.png": 0.001165141467936337,
   "00009_depth.png": 0.0031451229006052017
  },
  "NumSamples": 16
 }
}