{
 "ours_7000": {
  "SSIM": 0.9816595315933228,
  "SSIM_std": 0.004803547170013189,
  "MS-SSIM": 0.9999999403953552,
  "MS-SSIM_std": 1.4020822902693908e-07,
  "PSNR": 41.89722442626953,
  "PSNR_std": 2.502049207687378,
  "LPIPS": 0.04117391258478165,
  "LPIPS_std": 0.01269675511866808,
  "DepthMSE": 0.002678538206964731,
  "DepthMSE_std": 0.002839634893462062,
  "NumSamples": 16,
  "TrainTime": 45.57920002937317
 }
}