{
 "ours_7000": {
  "SSIM": {
   "00000.png": 0.9143455624580383,
   "00005.png": 0.9152973294258118,
   "00006.png": 0.9762461185455322,
   "00003.png": 0.9815857410430908,
   "00001.png": 0.9752852320671082,
   "00007.png": 0.9675184488296509,
   "00002.png": 0.9740604758262634,
   "00004.png": 0.9867506623268127
  },
  "MS-SSIM": {
   "00000.png": 0.9999974966049194,
   "00005.png": 0.9999982714653015,
   "00006.png": 0.9999997019767761,
   "00003.png": 1.0,
   "00001.png": 0.9999998807907104,
   "00007.png": 0.9999995231628418,
   "00002.png": 0.9999997615814209,
   "00004.png": 1.0
  },
  "PSNR": {
   "00000.png": 25.467805862426758,
   "00005.png": 35.43236541748047,
   "00006.png": 40.42667770385742,
   "00003.png": 43.057525634765625,
   "00001.png": 41.01101303100586,
   "00007.png": 39.082542419433594,
   "00002.png": 40.279544830322266,
   "00004.png": 44.10948944091797
  },
  "LPIPS": {
   "00000.png": 0.169493168592453,
   "00005.png": 0.0510064996778965,
   "00006.png": 0.03980721905827522,
   "00003.png": 0.036071643233299255,
   "00001.png": 0.046613648533821106,
   "00007.png": 0.05783100053668022,
   "00002.png": 0.04746278375387192,
   "00004.png": 0.02508898451924324
  },
  "DepthMSE": {
   "00004_depth.png": 0.001531954505480826,
   "00006_depth.png": 0.003201044164597988,
   "00000_depth.png": 0.01769302785396576,
   "00003_depth.png": 0.00457815732806921,
   "00005_depth.png": 0.0013804144691675901,
   "00002_depth.png": 0.0035818915348500013,
   "00007_depth.png": 0.0014929366298019886,
   "00001_depth.png": 0.003213346004486084
  },
  "NumSamples": 8
 }
}