{
 "ours_7000": {
  "SSIM": 0.9613862037658691,
  "SSIM_std": 0.029278526082634926,
  "MS-SSIM": 0.9999992847442627,
  "MS-SSIM_std": 9.305090316047426e-07,
  "PSNR": 38.60837173461914,
  "PSNR_std": 5.91505765914917,
  "LPIPS": 0.05917187035083771,
  "LPIPS_std": 0.04567638412117958,
  "DepthMSE": 0.004584096372127533,
  "DepthMSE_std": 0.005421843845397234,
  "NumSamples": 8,
  "TrainTime": 46.55544996261597
 }
}