{
 "ours_7000": {
  "SSIM": {
   "00010.png": 0.982811689376831,
   "00000.png": 0.939933180809021,
   "00005.png": 0.9348443150520325,
   "00006.png": 0.9832757115364075,
   "00015.png": 0.9811088442802429,
   "00008.png": 0.9823232293128967,
   "00003.png": 0.9172092080116272,
   "00001.png": 0.9580735564231873,
   "00007.png": 0.9886709451675415,
   "00012.png": 0.9779788255691528,
   "00011.png": 0.9819040298461914,
   "00002.png": 0.9278610944747925,
   "00009.png": 0.9867380857467651,
   "00004.png": 0.9347890615463257,
   "00013.png": 0.9775428175926208,
   "00014.png": 0.9804670214653015
  },
  "MS-SSIM": {
   "00010.png": 0.9999999403953552,
   "00000.png": 0.9999983310699463,
   "00005.png": 0.9999987483024597,
   "00006.png": 1.0,
   "00015.png": 0.9999997615814209,
   "00008.png": 0.9999998807907104,
   "00003.png": 0.9999985098838806,
   "00001.png": 0.9999995231628418,
   "00007.png": 0.9999998807907104,
   "00012.png": 0.9999997019767761,
   "00011.png": 1.0,
   "00002.png": 0.9999984502792358,
   "00009.png": 0.9999998807907104,
   "00004.png": 0.9999983310699463,
   "00013.png": 0.9999998807907104,
   "00014.png": 0.9999999403953552
  },
  "PSNR": {
   "00010.png": 42.618656158447266,
   "00000.png": 35.93910217285156,
   "00005.png": 32.499794006347656,
   "00006.png": 42.490116119384766,
   "00015.png": 40.35280227661133,
   "00008.png": 41.722103118896484,
   "00003.png": 35.21006774902344,
   "00001.png": 38.95356750488281,
   "00007.png": 44.557945251464844,
   "00012.png": 41.11164093017578,
   "00011.png": 42.26591491699219,
   "00002.png": 35.694034576416016,
   "00009.png": 43.85400390625,
   "00004.png": 35.2298698425293,
   "00013.png": 41.025634765625,
   "00014.png": 41.97523498535156
  },
  "LPIPS": {
   "00010.png": 0.03274097293615341,
   "00000.png": 0.07339268922805786,
   "00005.png": 0.11226177960634232,
   "00006.png": 0.030994897708296776,
   "00015.png": 0.03140515089035034,
   "00008.png": 0.03652457892894745,
   "00003.png": 0.15851344168186188,
   "00001.png": 0.06890939176082611,
   "00007.png": 0.020343471318483353,
   "00012.png": 0.038792334496974945,
   "00011.png": 0.0357954278588295,
   "00002.png": 0.12924990057945251,
   "00009.png": 0.02913936972618103,
   "00004.png": 0.13283628225326538,
   "00013.png": 0.037992820143699646,
   "00014.png": 0.03629458695650101
  },
  "DepthMSE": {
   "00015_depth.png": 0.01927897147834301,
   "00010_depth.png": 0.00927185732871294,
   "00004_depth.png": 0.006097282748669386,
   "00006_depth.png": 0.007007598876953125,
   "00000_depth.png": 0.01708422414958477,
   "00003_depth.png": 0.027741439640522003,
   "00008_depth.png": 0.0027074271347373724,
   "00013_depth.png": 0.007278552278876305,
   "00005_depth.png": 0.004464730620384216,
   "00002_depth.png": 0.03402009978890419,
   "00007_depth.png": 0.008587107993662357,
   "00014_depth.png": 0.019091647118330002,
   "00001_depth.png": 0.03421054780483246,
   "00011_depth.png": 0.009316423907876015,
   "00012_depth.png": 0.005315120797604322,
   "00009_depth.png": 0.009781982749700546
  },
  "NumSamples": 16
 }
}