{
 "ours_7000": {
  "SSIM": 0.9647206664085388,
  "SSIM_std": 0.024839282035827637,
  "MS-SSIM": 0.9999994039535522,
  "MS-SSIM_std": 6.766287015125272e-07,
  "PSNR": 39.718780517578125,
  "PSNR_std": 3.6506853103637695,
  "LPIPS": 0.06282418966293335,
  "LPIPS_std": 0.044890984892845154,
  "DepthMSE": 0.013828438706696033,
  "DepthMSE_std": 0.010336695238947868,
  "NumSamples": 16,
  "TrainTime": 55.45306086540222
 }
}