{
 "ours_7000": {
  "SSIM": {
   "00010.png": 0.8970909714698792,
   "00000.png": 0.7088295221328735,
   "00005.png": 0.7731116414070129,
   "00006.png": 0.7688630819320679,
   "00015.png": 0.949508547782898,
   "00008.png": 0.8398470282554626,
   "00003.png": 0.8056361079216003,
   "00001.png": 0.7814096808433533,
   "00017.png": 0.9570754170417786,
   "00007.png": 0.789600133895874,
   "00012.png": 0.9171015620231628,
   "00018.png": 0.9554910659790039,
   "00011.png": 0.8417974710464478,
   "00016.png": 0.9587371945381165,
   "00002.png": 0.8080548048019409,
   "00009.png": 0.8700575232505798,
   "00004.png": 0.7706031203269958,
   "00013.png": 0.8999952077865601,
   "00014.png": 0.9347546696662903
  },
  "MS-SSIM": {
   "00010.png": 0.9999942183494568,
   "00000.png": 0.9999701976776123,
   "00005.png": 0.9999895095825195,
   "00006.png": 0.9999874830245972,
   "00015.png": 0.9999980926513672,
   "00008.png": 0.999993085861206,
   "00003.png": 0.999990701675415,
   "00001.png": 0.9999889135360718,
   "00017.png": 0.9999991655349731,
   "00007.png": 0.9999895095825195,
   "00012.png": 0.9999961256980896,
   "00018.png": 0.999998927116394,
   "00011.png": 0.999962329864502,
   "00016.png": 0.9999987483024597,
   "00002.png": 0.9999909400939941,
   "00009.png": 0.9999937415122986,
   "00004.png": 0.9999891519546509,
   "00013.png": 0.9999955892562866,
   "00014.png": 0.9999980330467224
  },
  "PSNR": {
   "00010.png": 31.558340072631836,
   "00000.png": 15.640094757080078,
   "00005.png": 27.07955551147461,
   "00006.png": 26.796451568603516,
   "00015.png": 35.240474700927734,
   "00008.png": 29.19611167907715,
   "00003.png": 28.005674362182617,
   "00001.png": 27.838594436645508,
   "00017.png": 36.661685943603516,
   "00007.png": 27.466632843017578,
   "00012.png": 30.6234073638916,
   "00018.png": 36.247962951660156,
   "00011.png": 16.857860565185547,
   "00016.png": 36.60093688964844,
   "00002.png": 28.302810668945312,
   "00009.png": 30.454538345336914,
   "00004.png": 26.790054321289062,
   "00013.png": 32.02124786376953,
   "00014.png": 34.47544479370117
  },
  "LPIPS": {
   "00010.png": 0.21249791979789734,
   "00000.png": 0.35144662857055664,
   "00005.png": 0.26150062680244446,
   "00006.png": 0.2773771286010742,
   "00015.png": 0.08235832303762436,
   "00008.png": 0.25367310643196106,
   "00003.png": 0.2330423891544342,
   "00001.png": 0.27893832325935364,
   "00017.png": 0.06315553188323975,
   "00007.png": 0.26776570081710815,
   "00012.png": 0.14268185198307037,
   "00018.png": 0.061012424528598785,
   "00011.png": 0.2620159983634949,
   "00016.png": 0.06800739467144012,
   "00002.png": 0.23215451836585999,
   "00009.png": 0.25034427642822266,
   "00004.png": 0.2583661675453186,
   "00013.png": 0.12628084421157837,
   "00014.png": 0.09672022610902786
  },
  "DepthMSE": {
   "00015_depth.png": 0.0048863873817026615,
   "00010_depth.png": 0.008893054910004139,
   "00018_depth.png": 0.004746290389448404,
   "00004_depth.png": 0.006862622685730457,
   "00006_depth.png": 0.006354726850986481,
   "00000_depth.png": 0.007656610570847988,
   "00017_depth.png": 0.004948219750076532,
   "00003_depth.png": 0.007094244472682476,
   "00016_depth.png": 0.00506842415779829,
   "00008_depth.png": 0.0066153910011053085,
   "00013_depth.png": 0.004383522551506758,
   "00005_depth.png": 0.007215430028736591,
   "00002_depth.png": 0.008300534449517727,
   "00007_depth.png": 0.006019502878189087,
   "00014_depth.png": 0.004242675378918648,
   "00001_depth.png": 0.01455327682197094,
   "00011_depth.png": 0.005283179227262735,
   "00012_depth.png": 0.0033204066567122936,
   "00009_depth.png": 0.007777517195791006
  },
  "NumSamples": 19
 }
}