{
 "ours_7000": {
  "SSIM": 0.8540822863578796,
  "SSIM_std": 0.07880589365959167,
  "MS-SSIM": 0.9999907612800598,
  "MS-SSIM_std": 9.537012374494225e-06,
  "PSNR": 29.360942840576172,
  "PSNR_std": 5.7756242752075195,
  "LPIPS": 0.1989126056432724,
  "LPIPS_std": 0.09041528403759003,
  "DepthMSE": 0.006538000889122486,
  "DepthMSE_std": 0.002464527962729335,
  "NumSamples": 19,
  "TrainTime": 70.9316258430481
 }
}